<beans xmlns="http://www.springframework.org/schema/beans"
    xmlns:xsi="http://www.w3.org/2001/XMLSchema-instance"
    xmlns:aop="http://www.springframework.org/schema/aop"
    xmlns:mvc="http://www.springframework.org/schema/mvc"
    xmlns:tx="http://www.springframework.org/schema/tx"
    xmlns:security="http://www.springframework.org/schema/security"
    xmlns:context="http://www.springframework.org/schema/context"
    xsi:schemaLocation="http://www.springframework.org/schema/beans http://www.springframework.org/schema/beans/spring-beans.xsd
    http://www.springframework.org/schema/aop http://www.springframework.org/schema/aop/spring-aop-3.0.xsd
      http://www.springframework.org/schema/mvc http://www.springframework.org/schema/mvc/spring-mvc.xsd
      http://www.springframework.org/schema/tx http://www.springframework.org/schema/tx/spring-tx.xsd
      http://www.springframework.org/schema/security http://www.springframework.org/schema/security/spring-security.xsd
     http://www.springframework.org/schema/context http://www.springframework.org/schema/context/spring-context-3.0.xsd ">
    <!-- bean definitions here -->
    
  <!--     <bean id="dataSource" class="org.springframework.jdbc.datasource.DriverManagerDataSource">
		<property name="driverClassName" value="org.postgresql.Driver"/>
		<property name="url" value="jdbc:postgresql://73.12.89.238:5432/flickr"/>
		<property name="username" value="dbuser"/>
		<property name="password" value="dbpassword"/>
		</bean>-->
		
		<bean id="dataSource"  class="org.springframework.jndi.JndiObjectFactoryBean">
		<property name="jndiName" value="java:comp/env/jdbc/flickr"></property>
		<!--  <property name="referenceRef" value="true"></property>-->
		</bean>
		
    

   <bean id="transactionManager" class="org.springframework.orm.hibernate4.HibernateTransactionManager">
   <property name="sessionFactory" ref="sessionFactory"/>
   </bean>

	<bean id="sessionFactory" class="org.springframework.orm.hibernate4.LocalSessionFactoryBean">
    <property name="dataSource" ref="dataSource"/>
    <property name="packagesToScan"> 
        <list>
            <value>com.xlickr.hibernate.entities</value>
        </list>
    </property>
    <property name="hibernateProperties">
        <props>
        <prop key="hibernate.dialect">org.hibernate.dialect.PostgreSQLDialect </prop>
        <prop key="hibernate.current_session_context_class">org.springframework.orm.hibernate4.SpringSessionContext</prop>
        <prop key="hibernate.show_sql">true</prop>
        <prop key="hibernate.enable_lazy_load_no_trans">true</prop>    
        <prop key="hibernate.cache.use_second_level_cache">true</prop>
 		<prop key="hibernate.cache.region.factory_class">org.hibernate.cache.ehcache.EhCacheRegionFactory</prop>
 		<prop key="hibernate.cache.use_query_cache">true</prop>		
 		<prop key="hibernate.cache.provider_configuration_file_resource_path">/ehcache/ehcache.xml</prop>
        </props>
    </property>
    </bean>
    </beans>