<beans xmlns="http://www.springframework.org/schema/beans"
	xmlns:xsi="http://www.w3.org/2001/XMLSchema-instance" xmlns:aop="http://www.springframework.org/schema/aop"
	xmlns:mvc="http://www.springframework.org/schema/mvc" xmlns:tx="http://www.springframework.org/schema/tx"
	xmlns:security="http://www.springframework.org/schema/security"
	xmlns:context="http://www.springframework.org/schema/context"
	xsi:schemaLocation="http://www.springframework.org/schema/beans http://www.springframework.org/schema/beans/spring-beans.xsd
    http://www.springframework.org/schema/aop http://www.springframework.org/schema/aop/spring-aop-3.0.xsd
      http://www.springframework.org/schema/mvc http://www.springframework.org/schema/mvc/spring-mvc.xsd
      http://www.springframework.org/schema/tx http://www.springframework.org/schema/tx/spring-tx.xsd
      http://www.springframework.org/schema/security http://www.springframework.org/schema/security/spring-security.xsd
     http://www.springframework.org/schema/context http://www.springframework.org/schema/context/spring-context-3.0.xsd ">
	<!-- bean definitions here -->

	<context:component-scan base-package="com.xlickr.controllers" />
	<context:component-scan base-package="com.xlickr.dao" />
	<context:component-scan base-package="com.xlickr.service" />
	
	 <tx:annotation-driven/>
	<security:global-method-security
		secured-annotations="enabled" />
	<mvc:annotation-driven />

	<!-- Use Tiles.. -->
	<bean id="viewResolver"
		class="org.springframework.web.servlet.view.tiles3.TilesViewResolver" />
	<bean id="tilesConfigurer"
		class="org.springframework.web.servlet.view.tiles3.TilesConfigurer">
		<property name="definitions">
			<list>
				<value>/WEB-INF/tiles/tiles.xml</value>
			</list>
		</property>
	</bean>

	<bean id="multipartResolver"
		class="org.springframework.web.multipart.commons.CommonsMultipartResolver">
		<property name="maxUploadSize" value="100000000000"></property>
	</bean>

	<mvc:resources location="/resources/" mapping="/resources/**" />
	
	
	 
	<bean id="log4jInitialization" class="org.springframework.beans.factory.config.MethodInvokingFactoryBean">
  <property name="targetClass"  value="org.springframework.util.Log4jConfigurer"/>
  <property name="targetMethod" value="initLogging"/>
  <property name="arguments">
   <list>
    <value>C:\log4j\log4j.properties</value>
   </list>
  </property>
 </bean>
	
	
	
	
	

</beans>