<beans xmlns="http://www.springframework.org/schema/beans"
    xmlns:xsi="http://www.w3.org/2001/XMLSchema-instance"
    xmlns:aop="http://www.springframework.org/schema/aop"
    xmlns:mvc="http://www.springframework.org/schema/mvc"
    xmlns:tx="http://www.springframework.org/schema/tx"
    xmlns:security="http://www.springframework.org/schema/security"
    xmlns:context="http://www.springframework.org/schema/context"
    xsi:schemaLocation="http://www.springframework.org/schema/beans http://www.springframework.org/schema/beans/spring-beans.xsd
    http://www.springframework.org/schema/aop http://www.springframework.org/schema/aop/spring-aop-3.0.xsd
      http://www.springframework.org/schema/mvc http://www.springframework.org/schema/mvc/spring-mvc.xsd
      http://www.springframework.org/schema/tx http://www.springframework.org/schema/tx/spring-tx.xsd
      http://www.springframework.org/schema/security http://www.springframework.org/schema/security/spring-security.xsd
     http://www.springframework.org/schema/context http://www.springframework.org/schema/context/spring-context-3.0.xsd ">
    <!-- bean definitions here -->
    
    <security:http auto-config="true" disable-url-rewriting="true" >
    <security:intercept-url pattern="/" access="permitAll()"/>
    <security:intercept-url pattern="/explore/**" access="permitAll()"/>
    <security:intercept-url pattern="/signup" access="permitAll()"/>
    <security:intercept-url pattern="/resources/**" access="permitAll()"/>
    <security:intercept-url pattern="/service/soap/images" access="permitAll()"/>
    
    <security:intercept-url pattern="/**" access="isAuthenticated()"/>
    
    <security:form-login always-use-default-target="true"
    default-target-url="/" username-parameter="username"  
    password-parameter="password" login-page="/" 
    authentication-failure-url="/?error=403"/>
    
    <security:access-denied-handler error-page="/denied"/>
    <security:csrf disabled="true"/> 
    <security:logout delete-cookies="true" invalidate-session="true" 
    logout-success-url="/" logout-url="/logout"/>    
    </security:http>
    
   <!--  <bean id="userSecurity" class="com.xlickr.service.SecurityService"/>--> 
    
    <security:authentication-manager>
     
    <security:authentication-provider>
    <security:jdbc-user-service data-source-ref="dataSource"
    users-by-username-query="select user_username, user_password, enabled from flickr_user where user_username=?"
    authorities-by-username-query="select user_role_username, user_role_role from flickr_user_role where user_role_username = ?"/>
    <security:password-encoder hash="bcrypt"/>
    </security:authentication-provider>
     
    <!--
    <security:authentication-provider user-service-ref="userSecurity">
    <security:password-encoder hash="bcrypt"/>
    </security:authentication-provider>
    -->
    
    
    
    
    </security:authentication-manager>
    
    
    </beans>